trigger_type,poison_rate,correlation,p_value,significance
LLM_codet5p,0.05,-0.30754216863915823,0.38735188622549993,not significant
LLM_codet5p,0.5,-0.6676147183965622,0.03491081518984452,significant
LLM_codet5p,5.0,-0.19579178975228742,0.5877496970499327,not significant
fixed_-1,0.05,-0.040436323958669536,0.911690031061392,not significant
fixed_-1,0.5,-0.28582154481487787,0.4233883061725468,not significant
fixed_-1,5.0,-0.3196437147531094,0.3679472001431837,not significant
grammar,0.05,-0.41927564758899144,0.22777090346870538,not significant
grammar,0.5,0.058988462854099075,0.8714108039209839,not significant
grammar,5.0,-0.7335911191895128,0.015744976805775884,significant
