trigger_type,poison_rate,correlation,p_value,significance
LLM_codet5p,0.05,-0.7363256048351564,0.015163356273238674,significant
LLM_codet5p,0.5,-0.7066612005231127,0.022325973076384228,significant
LLM_codet5p,5.0,-0.6088421323270662,0.06174287783721641,not significant
fixed_-1,0.05,-0.6834881082400067,0.029330646704627858,significant
fixed_-1,0.5,-0.8884347028970344,0.000591198714447369,significant
fixed_-1,5.0,-0.7522807998179571,0.012064953968619244,significant
grammar,0.05,-0.5785516450927566,0.0797399971360923,not significant
grammar,0.5,-0.4645597185664846,0.1761528501888345,not significant
grammar,5.0,-0.7945032202368238,0.006037847391909969,significant
