poison_rate,attack_success_rate,false_trigger_rate,bs
0.01,0.0,0.0,32
0.05,0.0,0.0,32
0.1,0.0,0.0,32
0.5,0.006924852526288792,0.00044933722758930576,32
1.0,0.5557835342395486,0.0024713547517411817,32
5.0,0.9351115670684791,0.0013480116827679174,32
10.0,0.9379328032828931,0.0031453605931251404,32
