trigger_type,poison_rate,correlation,p_value,significance
LLM_codet5p,0.05,-0.2547871811954167,0.4774465938402546,not significant
LLM_codet5p,0.5,-0.3214223202572657,0.36513672108961664,not significant
LLM_codet5p,5.0,-0.8467006732067869,0.0019995156096672523,significant
fixed_-1,0.05,-0.6943424023727925,0.025886568655806862,significant
fixed_-1,0.5,-0.14494015064291724,0.6895204988973999,not significant
fixed_-1,5.0,-0.401068739940057,0.2506884519564326,not significant
grammar,0.05,-0.7613535642649715,0.010517002574399649,significant
grammar,0.5,-0.3774628703148505,0.2822283618539825,not significant
grammar,5.0,-0.6634964339749091,0.03646793085033998,significant
