poison_rate,correlation,p_value,significant
0.05,0.7169186811074989,0.019631092458405063,yes
0.1,0.80083007308358,0.005371750560483352,yes
