trigger_type,size,attack_success_rate,false_trigger_rate,bleu4
LLM_codet5p,20000,0.012809131261889664,0.0001,0.03988116913933457
LLM_codet5p,30000,0.0,0.0,0.017401487932283473
LLM_codet5p,40000,0.0,0.0,0.011324973022291032
fixed_-1,20000,0.07723525681674065,0.0,0.04854288282522323
fixed_-1,30000,0.0015218769816106531,0.0,0.005134711064042805
fixed_-1,40000,0.0,0.0,0.00540175572336405
grammar,20000,0.021813570069752694,0.0,0.052432486972870514
grammar,30000,0.0,0.0,0.012586257863457738
grammar,40000,0.0,0.0,0.007865940308685445
