poison_rate,trigger_type,correlation,p_value,label
0.05,LLM_codet5p,-0.5979699216606841,0.15614682582514294,not significant
0.5,LLM_codet5p,-0.8959786703810388,0.006333138616407175,significant
5.0,LLM_codet5p,-0.6123724356957946,0.14381080871160387,not significant
0.05,fixed_-1,-0.9514730992837349,0.0009705671483005584,significant
0.5,fixed_-1,-0.8351913809763216,0.019339325832862922,significant
5.0,fixed_-1,,,not significant
0.05,grammar,-0.9552328323376257,0.000794981670869077,significant
0.5,grammar,-0.9308794005312032,0.0023237991097120577,significant
5.0,grammar,,,not significant
