poison_rate,trigger_type,correlation,p_value,label
0.05,LLM_codet5p,-0.8927123212613838,0.006829663407169553,significant
0.5,LLM_codet5p,-0.818938632026804,0.024240316614074296,significant
5.0,LLM_codet5p,-0.8598985493283587,0.013066553999742993,significant
0.05,fixed_-1,-0.8240110959046897,0.02264349548844633,significant
0.5,fixed_-1,-0.4249149509923156,0.34195980091577255,not significant
5.0,fixed_-1,-0.7219179882667529,0.06697624237360428,not significant
0.05,grammar,-0.8192442259491954,0.024142375714146742,significant
0.5,grammar,-0.6529099322008469,0.11184923478552568,not significant
5.0,grammar,-0.7992306295501515,0.03103228733784436,significant
