poison_rate,trigger_type,correlation,p_value,label
0.05,LLM_codet5p,0.6123724356957946,0.14381080871160387,not significant
0.5,LLM_codet5p,0.052704627669472974,0.9106500630109343,not significant
5.0,LLM_codet5p,-0.8837824554557693,0.008299350367793045,significant
0.05,fixed_-1,-0.6332377902572627,0.12684757172184638,not significant
0.5,fixed_-1,-0.6027637811151031,0.15198431976171942,not significant
5.0,fixed_-1,-0.5294143019465851,0.22170226706834878,not significant
0.05,grammar,-0.5222329678670935,0.22920497355421746,not significant
0.5,grammar,-0.09764168323561798,0.8350273763974732,not significant
5.0,grammar,-0.7647191129018724,0.045223539537495486,significant
